YEAR,MONTH,DAY,HOUR,PM10(ug/m3),WS(m/s),WD(°),TEMP(°C),HR(%)
2022,JUL,1,0,NA,NA,NA,NA,NA
2022,JUL,1,1,8.00,2.92,243.64,18.83,73.55
2022,JUL,1,2,7.00,3.32,290.63,19.22,68.49
2022,JUL,1,3,14.00,1.75,233.63,18.90,69.92
2022,JUL,1,4,20.00,1.65,92.41,18.78,70.78
2022,JUL,1,5,19.00,2.51,158.99,18.58,69.83
2022,JUL,1,6,19.00,1.62,259.79,17.97,75.13
2022,JUL,1,7,26.00,1.56,265.37,17.60,77.59
2022,JUL,1,8,24.00,1.45,130.25,21.26,70.26
2022,JUL,1,9,28.00,2.69,102.60,22.56,57.81
2022,JUL,1,10,15.00,3.66,102.24,23.61,49.47
2022,JUL,1,11,22.00,3.44,121.01,23.24,49.64
2022,JUL,1,12,12.00,3.08,145.58,24.94,45.49
2022,JUL,1,13,24.00,2.83,157.28,26.60,38.49
2022,JUL,1,14,17.00,3.62,155.79,27.71,34.26
2022,JUL,1,15,16.00,2.65,162.20,29.05,31.64
2022,JUL,1,16,10.00,2.41,166.69,30.38,27.03
2022,JUL,1,17,103.00,3.67,226.94,28.67,30.44
2022,JUL,1,18,238.00,5.86,141.90,22.20,49.45
2022,JUL,1,19,45.00,3.56,174.67,21.33,51.89
2022,JUL,1,20,34.00,2.22,238.08,21.77,48.15
2022,JUL,1,21,26.00,2.26,246.10,20.32,59.37
2022,JUL,1,22,28.00,2.11,252.19,20.56,58.22
2022,JUL,1,23,30.00,1.91,224.54,20.30,61.15
2022,JUL,2,0,53.00,1.91,236.18,19.54,65.94
2022,JUL,2,1,36.00,1.82,212.27,19.41,67.86
2022,JUL,2,2,23.00,1.55,182.58,18.69,70.47
2022,JUL,2,3,27.00,2.22,150.61,17.99,74.36
2022,JUL,2,4,26.00,1.28,128.18,17.04,79.21
2022,JUL,2,5,30.00,1.55,90.19,16.89,78.99
2022,JUL,2,6,37.00,1.80,122.32,16.62,79.20
2022,JUL,2,7,39.00,2.44,132.80,16.35,81.34
2022,JUL,2,8,28.00,2.75,116.32,18.19,75.77
2022,JUL,2,9,39.00,3.02,125.51,20.49,65.77
2022,JUL,2,10,23.00,2.91,115.74,22.14,55.52
2022,JUL,2,11,14.00,3.18,121.95,23.52,51.15
2022,JUL,2,12,34.00,2.93,129.27,25.04,46.82
2022,JUL,2,13,17.00,2.69,110.20,27.17,39.62
2022,JUL,2,14,17.00,2.85,125.49,28.20,33.02
2022,JUL,2,15,15.00,3.40,158.68,28.67,31.28
2022,JUL,2,16,16.00,2.77,160.79,29.35,29.16
2022,JUL,2,17,23.00,2.66,146.91,27.98,32.04
2022,JUL,2,18,56.00,4.53,97.80,26.25,35.55
2022,JUL,2,19,105.00,4.01,85.11,24.52,41.88
2022,JUL,2,20,41.00,4.04,148.54,22.63,48.93
2022,JUL,2,21,35.00,3.05,197.72,20.85,58.34
2022,JUL,2,22,28.00,3.44,251.11,19.51,63.66
2022,JUL,2,23,28.00,3.94,300.63,18.32,72.54
2022,JUL,3,0,27.00,3.93,288.55,18.19,67.85
2022,JUL,3,1,16.00,2.65,277.10,17.82,67.00
2022,JUL,3,2,15.00,2.38,229.00,16.89,73.56
2022,JUL,3,3,20.00,1.78,261.56,16.96,75.42
2022,JUL,3,4,17.00,1.39,263.84,17.06,75.42
2022,JUL,3,5,23.00,1.88,280.55,16.86,76.10
2022,JUL,3,6,25.00,1.68,285.08,16.41,78.31
2022,JUL,3,7,29.00,1.83,303.85,16.82,80.83
2022,JUL,3,8,30.00,1.76,136.91,17.90,77.22
2022,JUL,3,9,26.00,2.52,100.68,19.91,67.68
2022,JUL,3,10,18.00,4.54,88.13,21.66,60.64
2022,JUL,3,11,19.00,4.08,101.14,22.89,56.26
2022,JUL,3,12,21.00,3.66,95.64,23.75,52.97
2022,JUL,3,13,54.00,3.87,92.88,26.88,40.55
2022,JUL,3,14,76.00,3.63,101.29,27.84,35.97
2022,JUL,3,15,19.00,3.44,84.16,28.05,32.38
2022,JUL,3,16,7.00,3.39,108.03,27.89,29.15
2022,JUL,3,17,8.00,2.93,170.50,29.90,25.12
2022,JUL,3,18,17.00,3.45,126.97,28.43,34.13
2022,JUL,3,19,28.00,3.02,136.17,25.96,39.25
2022,JUL,3,20,34.00,3.14,203.93,23.88,46.82
2022,JUL,3,21,29.00,2.58,231.34,21.98,52.63
2022,JUL,3,22,32.00,3.19,275.47,21.41,55.56
2022,JUL,3,23,24.00,3.99,281.98,21.22,55.14
2022,JUL,4,0,23.00,4.59,89.36,20.81,55.50
2022,JUL,4,1,18.00,3.97,85.72,19.48,61.78
2022,JUL,4,2,17.00,3.67,64.77,19.08,63.25
2022,JUL,4,3,20.00,2.87,65.54,18.26,65.79
2022,JUL,4,4,19.00,3.55,64.25,17.68,66.94
2022,JUL,4,5,20.00,3.12,81.89,17.10,68.51
2022,JUL,4,6,25.00,2.79,104.83,16.37,73.05
2022,JUL,4,7,38.00,2.18,97.55,16.45,75.04
2022,JUL,4,8,39.00,3.09,101.15,18.99,68.51
2022,JUL,4,9,33.00,5.41,69.64,21.40,57.27
2022,JUL,4,10,34.00,5.90,69.74,22.70,51.86
2022,JUL,4,11,43.00,5.74,74.12,24.33,45.95
2022,JUL,4,12,58.00,5.69,77.51,25.76,40.02
2022,JUL,4,13,146.00,6.85,80.40,26.72,33.36
2022,JUL,4,14,173.00,6.69,87.35,27.58,29.66
2022,JUL,4,15,48.00,5.52,79.64,28.50,27.79
2022,JUL,4,16,19.00,4.25,83.13,29.67,26.22
2022,JUL,4,17,15.00,4.70,83.35,30.31,24.90
2022,JUL,4,18,29.00,4.78,86.06,30.37,23.65
2022,JUL,4,19,141.00,5.28,63.36,27.66,29.67
2022,JUL,4,20,42.00,5.57,55.71,26.30,32.15
2022,JUL,4,21,27.00,4.75,62.81,24.08,41.61
2022,JUL,4,22,32.00,4.50,82.80,22.94,49.44
2022,JUL,4,23,NA,4.45,80.49,22.03,53.12
2022,JUL,5,0,17.00,3.15,113.62,20.49,60.64
2022,JUL,5,1,20.00,2.51,104.11,20.09,61.77
2022,JUL,5,2,19.00,1.99,178.50,19.38,63.88
2022,JUL,5,3,12.00,1.71,218.67,18.27,70.78
2022,JUL,5,4,16.00,1.94,262.87,17.82,73.13
2022,JUL,5,5,15.00,1.77,243.15,17.27,78.75
2022,JUL,5,6,19.00,1.77,211.09,17.37,79.33
2022,JUL,5,7,25.00,2.78,145.90,17.60,78.31
2022,JUL,5,8,21.00,2.40,74.20,16.76,80.69
2022,JUL,5,9,15.00,3.08,84.58,18.99,73.27
2022,JUL,5,10,NA,3.23,107.78,20.23,65.49
2022,JUL,5,11,13.00,3.67,103.34,21.32,60.17
2022,JUL,5,12,14.00,2.57,127.76,24.34,50.93
2022,JUL,5,13,64.00,2.48,168.45,26.36,44.70
2022,JUL,5,14,25.00,2.92,201.07,27.99,38.63
2022,JUL,5,15,13.00,4.00,193.18,27.42,39.71
2022,JUL,5,16,16.00,3.05,232.18,26.55,41.70
2022,JUL,5,17,19.00,3.22,214.64,25.44,44.32
2022,JUL,5,18,37.00,3.33,203.44,17.92,79.30
2022,JUL,5,19,22.00,3.64,182.69,18.07,87.69
2022,JUL,5,20,17.00,3.86,139.96,18.01,81.00
2022,JUL,5,21,27.00,4.43,90.44,15.96,85.97
2022,JUL,5,22,18.00,3.12,150.50,15.23,95.03
2022,JUL,5,23,12.00,2.55,230.57,15.13,96.36
2022,JUL,6,0,18.00,2.22,75.53,15.21,97.07
2022,JUL,6,1,19.00,1.78,138.81,15.07,96.88
2022,JUL,6,2,20.00,1.69,194.47,15.20,97.44
2022,JUL,6,3,13.00,1.30,240.82,15.38,97.54
2022,JUL,6,4,19.00,2.10,299.85,15.19,98.07
2022,JUL,6,5,19.00,2.14,308.22,15.22,98.41
2022,JUL,6,6,25.00,2.09,309.17,14.86,98.24
2022,JUL,6,7,21.00,2.30,307.38,15.36,98.36
2022,JUL,6,8,23.00,2.55,287.45,18.45,97.37
2022,JUL,6,9,14.00,2.07,274.01,21.43,81.01
2022,JUL,6,10,18.00,2.86,113.33,22.93,66.93
2022,JUL,6,11,30.00,3.63,109.24,22.92,59.32
2022,JUL,6,12,25.00,3.57,105.13,24.49,49.59
2022,JUL,6,13,28.00,3.36,103.41,25.42,43.93
2022,JUL,6,14,24.00,3.35,115.70,26.16,41.74
2022,JUL,6,15,31.00,3.18,104.73,27.04,36.50
2022,JUL,6,16,20.00,3.44,112.73,27.86,33.42
2022,JUL,6,17,17.00,2.88,95.52,29.07,27.74
2022,JUL,6,18,38.00,4.20,188.03,25.73,38.61
2022,JUL,6,19,37.00,3.38,243.97,22.91,47.41
2022,JUL,6,20,24.00,3.46,99.51,23.17,48.59
2022,JUL,6,21,21.00,3.35,134.95,21.19,56.17
2022,JUL,6,22,24.00,1.76,133.56,19.77,62.92
2022,JUL,6,23,27.00,2.10,112.68,19.28,67.29
2022,JUL,7,0,20.00,2.99,85.77,18.64,66.70
2022,JUL,7,1,10.00,3.75,70.95,18.21,67.48
2022,JUL,7,2,13.00,2.92,82.46,17.84,70.52
2022,JUL,7,3,24.00,1.91,113.07,16.58,74.46
2022,JUL,7,4,24.00,2.42,84.64,16.30,76.40
2022,JUL,7,5,64.00,1.43,127.72,15.83,77.28
2022,JUL,7,6,42.00,1.66,117.88,14.84,82.57
2022,JUL,7,7,31.00,1.59,115.52,15.00,85.06
2022,JUL,7,8,37.00,1.52,153.93,19.51,77.58
2022,JUL,7,9,38.00,3.35,94.85,21.80,60.08
2022,JUL,7,10,28.00,4.26,91.04,22.41,51.36
2022,JUL,7,11,21.00,4.23,84.15,23.57,44.46
2022,JUL,7,12,20.00,4.24,92.44,24.59,40.66
2022,JUL,7,13,37.00,3.53,91.42,25.67,38.51
2022,JUL,7,14,44.00,2.85,118.09,27.37,33.23
2022,JUL,7,15,22.00,2.85,129.97,27.65,31.19
2022,JUL,7,16,17.00,3.60,107.97,27.87,30.59
2022,JUL,7,17,24.00,5.08,145.47,25.56,38.58
2022,JUL,7,18,26.00,3.86,171.30,23.04,47.70
2022,JUL,7,19,29.00,3.72,197.49,22.72,48.09
2022,JUL,7,20,31.00,2.79,270.89,21.21,54.84
2022,JUL,7,21,90.00,3.72,103.20,17.91,73.41
2022,JUL,7,22,37.00,3.92,93.76,15.58,90.55
2022,JUL,7,23,12.00,2.96,121.10,15.13,95.21
2022,JUL,8,0,11.00,2.26,128.19,15.51,97.48
2022,JUL,8,1,21.00,1.71,133.59,15.84,99.19
2022,JUL,8,2,17.00,1.72,107.09,16.30,99.43
2022,JUL,8,3,25.00,2.30,92.82,16.31,98.70
2022,JUL,8,4,25.00,2.36,113.70,16.24,96.83
2022,JUL,8,5,24.00,1.15,153.68,15.98,98.16
2022,JUL,8,6,30.00,1.85,110.21,15.85,97.11
2022,JUL,8,7,33.00,2.65,85.60,16.03,93.73
2022,JUL,8,8,30.00,3.11,86.13,17.64,90.57
2022,JUL,8,9,31.00,4.16,88.83,19.94,73.63
2022,JUL,8,10,27.00,3.75,77.53,21.64,63.87
2022,JUL,8,11,27.00,3.46,97.91,23.34,56.24
2022,JUL,8,12,17.00,2.61,104.17,25.40,46.05
2022,JUL,8,13,65.00,2.32,132.45,26.76,40.92
2022,JUL,8,14,114.00,3.13,90.26,27.59,35.19
2022,JUL,8,15,31.00,3.97,84.66,27.89,31.33
2022,JUL,8,16,16.00,3.07,100.03,28.71,30.10
2022,JUL,8,17,16.00,3.76,82.60,29.76,25.67
2022,JUL,8,18,22.00,4.46,129.09,28.61,29.81
2022,JUL,8,19,30.00,4.15,130.41,26.09,35.61
2022,JUL,8,20,26.00,4.27,108.61,24.92,40.70
2022,JUL,8,21,33.00,6.29,51.98,23.85,44.55
2022,JUL,8,22,25.00,4.65,62.36,22.33,51.95
2022,JUL,8,23,24.00,3.55,100.19,20.83,60.32
2022,JUL,9,0,20.00,3.40,98.83,19.68,65.27
2022,JUL,9,1,27.00,2.87,85.26,18.49,69.65
2022,JUL,9,2,20.00,3.35,58.18,18.01,70.81
2022,JUL,9,3,21.00,3.16,59.14,17.77,70.53
2022,JUL,9,4,19.00,2.62,52.36,17.34,71.31
2022,JUL,9,5,23.00,1.82,99.58,16.60,73.75
2022,JUL,9,6,26.00,1.32,150.18,15.69,78.01
2022,JUL,9,7,27.00,1.69,196.36,16.16,77.77
2022,JUL,9,8,32.00,1.94,161.19,19.70,70.87
2022,JUL,9,9,31.00,2.23,96.69,21.95,59.97
2022,JUL,9,10,27.00,3.03,91.37,23.39,52.25
2022,JUL,9,11,22.00,3.23,85.00,24.52,47.80
2022,JUL,9,12,14.00,2.91,122.06,26.06,43.55
2022,JUL,9,13,13.00,3.49,105.74,27.18,37.66
2022,JUL,9,14,13.00,3.74,111.61,28.14,34.35
2022,JUL,9,15,14.00,3.10,122.30,29.11,32.27
2022,JUL,9,16,17.00,3.61,99.08,28.64,32.71
2022,JUL,9,17,26.00,2.84,258.05,21.27,58.62
2022,JUL,9,18,16.00,2.12,274.63,23.55,52.89
2022,JUL,9,19,57.00,4.79,82.73,26.93,34.65
2022,JUL,9,20,62.00,4.21,143.85,24.35,40.73
2022,JUL,9,21,NA,2.16,111.95,22.43,48.02
2022,JUL,9,22,NA,3.89,90.80,22.16,45.98
2022,JUL,9,23,17.00,2.62,126.91,20.29,56.54
2022,JUL,10,0,35.00,3.27,94.69,19.55,57.63
2022,JUL,10,1,12.00,2.79,107.69,18.52,61.32
2022,JUL,10,2,20.00,1.97,127.78,17.58,64.88
2022,JUL,10,3,25.00,2.47,69.76,17.51,66.77
2022,JUL,10,4,18.00,2.83,55.29,17.53,65.99
2022,JUL,10,5,18.00,2.63,117.43,16.82,67.75
2022,JUL,10,6,22.00,2.38,126.96,15.57,72.93
2022,JUL,10,7,21.00,1.76,87.40,16.01,74.61
2022,JUL,10,8,25.00,2.06,119.86,20.26,64.90
2022,JUL,10,9,22.00,2.90,97.39,21.98,56.38
2022,JUL,10,10,16.00,3.43,95.84,23.17,49.92
2022,JUL,10,11,14.00,3.36,94.51,24.43,44.53
2022,JUL,10,12,9.00,2.31,148.52,26.24,39.91
2022,JUL,10,13,9.00,2.59,114.47,27.28,35.18
2022,JUL,10,14,14.00,2.73,142.82,28.15,30.51
2022,JUL,10,15,9.00,3.12,133.50,29.01,26.79
2022,JUL,10,16,NA,2.79,132.24,29.68,25.47
2022,JUL,10,17,9.00,2.55,114.17,29.35,26.16
2022,JUL,10,18,10.00,2.39,124.44,29.49,25.86
2022,JUL,10,19,9.00,1.73,220.29,28.96,26.23
2022,JUL,10,20,29.00,3.18,264.25,26.29,32.51
2022,JUL,10,21,32.00,4.49,245.48,23.63,43.48
2022,JUL,10,22,33.00,4.74,177.45,19.72,62.56
2022,JUL,10,23,25.00,3.83,189.61,15.60,95.72
2022,JUL,11,0,19.00,2.19,193.54,15.95,97.69
2022,JUL,11,1,19.00,1.46,142.35,16.18,98.81
2022,JUL,11,2,24.00,1.30,137.52,15.88,99.18
2022,JUL,11,3,28.00,1.18,136.96,15.71,99.78
2022,JUL,11,4,24.00,0.97,232.05,16.07,NA
2022,JUL,11,5,31.00,0.97,195.81,15.77,NA
2022,JUL,11,6,32.00,1.02,214.72,15.27,NA
2022,JUL,11,7,37.00,0.96,73.51,15.89,NA
2022,JUL,11,8,34.00,1.27,209.56,19.96,NA
2022,JUL,11,9,28.00,2.12,275.43,22.30,93.10
2022,JUL,11,10,20.00,2.30,253.24,23.76,73.31
2022,JUL,11,11,31.00,2.51,271.58,24.96,58.27
2022,JUL,11,12,21.00,2.41,252.75,26.30,48.71
2022,JUL,11,13,9.00,2.64,226.95,27.26,40.76
2022,JUL,11,14,17.00,2.83,231.88,27.55,36.85
2022,JUL,11,15,8.00,2.40,196.30,28.60,31.44
2022,JUL,11,16,10.00,2.86,217.29,29.35,29.48
2022,JUL,11,17,8.00,2.71,223.66,29.42,28.44
2022,JUL,11,18,15.00,2.88,224.01,29.16,28.28
2022,JUL,11,19,25.00,2.94,220.39,27.83,28.51
2022,JUL,11,20,31.00,2.46,208.94,25.78,31.14
2022,JUL,11,21,37.00,3.01,226.28,23.46,48.35
2022,JUL,11,22,21.00,2.41,162.42,22.03,55.28
2022,JUL,11,23,60.00,3.46,158.42,20.73,65.65
2022,JUL,12,0,24.00,3.66,173.69,20.60,65.65
2022,JUL,12,1,NA,4.04,175.34,18.92,63.89
2022,JUL,12,2,9.00,2.45,251.12,18.43,66.07
2022,JUL,12,3,20.00,2.85,274.54,17.31,70.94
2022,JUL,12,4,12.00,3.04,293.62,17.13,71.78
2022,JUL,12,5,21.00,4.12,299.35,16.37,78.52
2022,JUL,12,6,22.00,3.08,290.07,16.13,78.05
2022,JUL,12,7,23.00,2.91,259.74,16.30,77.36
2022,JUL,12,8,28.00,2.34,238.77,18.26,72.32
2022,JUL,12,9,10.00,1.61,236.27,22.63,60.33
2022,JUL,12,10,23.00,1.82,221.91,25.26,49.25
2022,JUL,12,11,36.00,2.09,207.60,26.63,41.41
2022,JUL,12,12,34.00,2.19,205.95,27.43,39.11
2022,JUL,12,13,23.00,2.49,203.01,28.43,35.26
2022,JUL,12,14,16.00,2.80,180.06,28.90,34.67
2022,JUL,12,15,15.00,2.52,185.90,29.22,32.47
2022,JUL,12,16,16.00,3.07,166.34,29.91,31.40
2022,JUL,12,17,22.00,2.47,179.33,29.84,30.91
2022,JUL,12,18,29.00,3.49,153.17,27.40,32.45
2022,JUL,12,19,26.00,3.24,259.67,24.98,42.07
2022,JUL,12,20,38.00,2.87,288.51,22.12,53.21
2022,JUL,12,21,29.00,2.27,256.89,21.92,50.52
2022,JUL,12,22,31.00,1.97,166.22,22.27,46.86
2022,JUL,12,23,31.00,2.23,74.21,22.21,44.29
2022,JUL,13,0,33.00,2.09,116.88,21.16,51.62
2022,JUL,13,1,29.00,2.56,102.56,20.46,50.54
2022,JUL,13,2,21.00,1.61,122.03,19.12,52.01
2022,JUL,13,3,17.00,2.78,100.47,18.84,55.39
2022,JUL,13,4,21.00,5.02,47.52,18.14,62.51
2022,JUL,13,5,26.00,2.99,113.99,17.46,65.10
2022,JUL,13,6,30.00,2.11,153.28,15.75,70.33
2022,JUL,13,7,38.00,1.35,124.33,15.62,74.01
2022,JUL,13,8,49.00,1.69,156.88,19.07,64.42
2022,JUL,13,9,44.00,3.15,95.09,21.35,56.34
2022,JUL,13,10,33.00,3.64,79.82,23.32,49.95
2022,JUL,13,11,26.00,3.27,100.55,24.03,46.30
2022,JUL,13,12,25.00,2.67,123.31,25.92,40.47
2022,JUL,13,13,25.00,3.07,154.62,26.96,37.00
2022,JUL,13,14,20.00,2.63,154.28,28.22,28.55
2022,JUL,13,15,8.00,2.75,163.32,28.96,26.61
2022,JUL,13,16,19.00,2.77,121.30,28.93,25.77
2022,JUL,13,17,18.00,3.14,181.16,28.67,27.74
2022,JUL,13,18,23.00,3.72,198.81,26.93,33.03
2022,JUL,13,19,32.00,2.53,249.46,24.94,34.65
2022,JUL,13,20,20.00,3.63,97.10,23.44,43.42
2022,JUL,13,21,23.00,3.32,109.84,22.04,47.54
2022,JUL,13,22,25.00,3.47,97.08,20.98,55.83
2022,JUL,13,23,21.00,3.77,103.38,19.74,60.82
2022,JUL,14,0,18.00,3.33,108.65,18.02,69.42
2022,JUL,14,1,26.00,2.34,95.04,17.28,72.95
2022,JUL,14,2,13.00,1.67,100.48,17.10,72.14
2022,JUL,14,3,11.00,1.39,113.01,16.64,73.77
2022,JUL,14,4,18.00,1.36,107.06,16.38,74.27
2022,JUL,14,5,29.00,1.14,146.62,15.80,74.15
2022,JUL,14,6,26.00,1.43,131.98,15.56,74.45
2022,JUL,14,7,42.00,1.37,111.38,15.47,76.54
2022,JUL,14,8,58.00,1.60,125.91,18.90,69.08
2022,JUL,14,9,50.00,3.35,90.65,20.81,59.30
2022,JUL,14,10,34.00,3.52,106.77,22.66,51.93
2022,JUL,14,11,23.00,3.31,104.80,24.27,45.80
2022,JUL,14,12,21.00,3.19,139.73,25.57,41.84
2022,JUL,14,13,19.00,2.96,120.56,25.95,40.77
2022,JUL,14,14,5.00,2.84,149.90,27.35,36.45
2022,JUL,14,15,23.00,3.34,134.46,28.02,32.84
2022,JUL,14,16,18.00,2.84,157.86,28.81,30.64
2022,JUL,14,17,32.00,5.18,57.18,26.64,33.70
2022,JUL,14,18,30.00,5.12,55.23,25.60,35.56
2022,JUL,14,19,54.00,4.59,61.62,25.41,33.65
2022,JUL,14,20,87.00,4.64,151.14,21.23,53.49
2022,JUL,14,21,28.00,3.45,131.85,19.16,64.55
2022,JUL,14,22,25.00,2.93,105.20,18.57,69.82
2022,JUL,14,23,18.00,2.19,132.81,18.35,71.16
2022,JUL,15,0,16.00,2.19,120.65,18.33,70.68
2022,JUL,15,1,16.00,2.32,138.75,17.85,72.62
2022,JUL,15,2,19.00,1.99,170.89,16.74,77.53
2022,JUL,15,3,18.00,1.14,106.11,16.21,81.40
2022,JUL,15,4,22.00,2.03,66.45,16.53,78.70
2022,JUL,15,5,21.00,2.20,86.80,15.94,75.19
2022,JUL,15,6,26.00,1.90,119.38,14.90,76.98
2022,JUL,15,7,35.00,2.88,106.57,14.71,81.54
2022,JUL,15,8,38.00,2.39,97.84,16.95,75.60
2022,JUL,15,9,42.00,3.32,99.66,19.47,64.46
2022,JUL,15,10,24.00,4.37,79.57,21.95,51.57
2022,JUL,15,11,29.00,4.03,86.97,23.83,46.27
2022,JUL,15,12,51.00,3.54,103.84,24.47,43.71
2022,JUL,15,13,125.00,3.25,140.03,25.71,41.19
2022,JUL,15,14,114.00,2.90,123.31,26.72,37.38
2022,JUL,15,15,88.00,2.88,120.66,28.11,32.91
2022,JUL,15,16,56.00,4.01,165.42,27.87,36.69
2022,JUL,15,17,34.00,3.27,231.67,24.95,43.84
2022,JUL,15,18,23.00,3.14,283.95,23.10,50.74
2022,JUL,15,19,25.00,1.77,210.34,22.47,52.47
2022,JUL,15,20,30.00,3.30,106.11,21.91,55.97
2022,JUL,15,21,21.00,4.33,89.27,20.63,57.82
2022,JUL,15,22,43.00,5.50,84.41,18.10,76.72
2022,JUL,15,23,19.00,4.36,77.44,16.27,92.16
2022,JUL,16,0,7.00,3.77,80.62,16.67,89.74
2022,JUL,16,1,6.00,3.11,97.58,16.80,87.01
2022,JUL,16,2,11.00,3.05,101.69,16.85,84.70
2022,JUL,16,3,11.00,2.64,102.57,16.83,81.98
2022,JUL,16,4,14.00,2.63,105.40,16.48,83.59
2022,JUL,16,5,16.00,2.55,105.39,16.44,86.74
2022,JUL,16,6,27.00,2.30,107.11,16.85,84.95
2022,JUL,16,7,28.00,1.57,125.11,16.72,85.09
2022,JUL,16,8,25.00,1.70,105.07,17.57,82.34
2022,JUL,16,9,21.00,2.43,98.95,19.60,72.73
2022,JUL,16,10,15.00,3.56,82.78,21.60,61.82
2022,JUL,16,11,20.00,4.06,74.47,23.55,52.63
2022,JUL,16,12,19.00,3.67,90.39,24.31,48.31
2022,JUL,16,13,12.00,2.83,106.85,26.18,42.14
2022,JUL,16,14,23.00,2.86,128.27,27.70,38.41
2022,JUL,16,15,11.00,2.66,196.82,28.17,34.53
2022,JUL,16,16,15.00,2.76,242.82,27.48,36.45
2022,JUL,16,17,9.00,2.29,216.94,27.03,38.01
2022,JUL,16,18,23.00,4.99,174.08,23.74,50.61
2022,JUL,16,19,31.00,5.21,72.26,16.75,76.66
2022,JUL,16,20,13.00,3.12,65.23,14.96,94.40
2022,JUL,16,21,12.00,2.20,138.56,15.31,96.37
2022,JUL,16,22,9.00,3.57,124.32,15.08,97.57
2022,JUL,16,23,10.00,1.41,107.18,15.21,NA
2022,JUL,17,0,13.00,1.20,175.22,15.47,NA
2022,JUL,17,1,26.00,1.08,190.00,15.65,NA
2022,JUL,17,2,20.00,1.44,130.30,15.65,NA
2022,JUL,17,3,17.00,2.34,176.53,15.67,NA
2022,JUL,17,4,19.00,2.20,186.80,15.58,NA
2022,JUL,17,5,15.00,0.99,190.00,15.55,NA
2022,JUL,17,6,17.00,1.07,104.88,15.37,NA
2022,JUL,17,7,22.00,1.76,101.38,15.56,NA
2022,JUL,17,8,15.00,2.23,61.56,17.56,NA
2022,JUL,17,9,21.00,2.56,105.30,19.17,89.79
2022,JUL,17,10,20.00,2.40,96.64,21.20,79.54
2022,JUL,17,11,11.00,2.53,102.08,22.47,68.00
2022,JUL,17,12,86.00,2.47,121.38,24.85,54.86
2022,JUL,17,13,52.00,2.19,143.34,25.60,49.17
2022,JUL,17,14,10.00,2.42,146.48,26.38,44.65
2022,JUL,17,15,7.00,2.31,185.01,27.70,38.16
2022,JUL,17,16,11.00,2.20,208.80,28.06,34.81
2022,JUL,17,17,15.00,4.06,68.64,25.69,39.91
2022,JUL,17,18,25.00,4.29,83.63,22.63,49.71
2022,JUL,17,19,17.00,3.36,129.80,21.35,56.22
2022,JUL,17,20,29.00,4.06,173.87,19.29,64.12
2022,JUL,17,21,18.00,3.44,180.86,18.15,65.55
2022,JUL,17,22,21.00,3.21,152.78,16.06,77.42
2022,JUL,17,23,21.00,1.26,137.34,14.72,87.75
2022,JUL,18,0,7.00,1.60,220.71,14.78,89.56
2022,JUL,18,1,13.00,1.89,266.16,14.73,91.93
2022,JUL,18,2,8.00,1.83,289.65,14.78,92.64
2022,JUL,18,3,18.00,1.93,245.22,14.60,93.14
2022,JUL,18,4,20.00,1.59,200.08,14.37,94.37
2022,JUL,18,5,27.00,1.30,116.87,14.23,95.56
2022,JUL,18,6,26.00,2.05,133.93,13.93,96.13
2022,JUL,18,7,50.00,1.36,117.33,14.16,96.44
2022,JUL,18,8,33.00,0.96,107.98,16.39,92.18
2022,JUL,18,9,NA,1.35,155.69,19.21,81.61
2022,JUL,18,10,NA,2.31,96.38,21.08,69.85
2022,JUL,18,11,20.00,2.90,105.70,21.29,64.29
2022,JUL,18,12,32.00,2.79,140.17,24.07,55.34
2022,JUL,18,13,38.00,2.75,172.78,24.04,55.00
2022,JUL,18,14,24.00,2.53,193.77,25.05,49.23
2022,JUL,18,15,22.00,2.29,224.61,27.08,38.50
2022,JUL,18,16,22.00,3.89,280.11,26.64,38.81
2022,JUL,18,17,13.00,3.31,262.89,26.31,40.52
2022,JUL,18,18,33.00,4.14,108.46,22.35,45.83
2022,JUL,18,19,23.00,4.37,115.00,16.36,75.92
2022,JUL,18,20,10.00,3.40,88.43,14.81,89.99
2022,JUL,18,21,16.00,2.05,98.62,15.09,92.51
2022,JUL,18,22,15.00,1.68,266.37,15.70,93.88
2022,JUL,18,23,NA,2.19,293.83,15.74,93.70
2022,JUL,19,0,21.00,1.86,222.25,15.17,93.41
2022,JUL,19,1,22.00,1.46,240.43,14.81,94.14
2022,JUL,19,2,19.00,1.03,184.43,14.51,94.78
2022,JUL,19,3,27.00,1.51,128.58,13.85,96.62
2022,JUL,19,4,23.00,1.56,141.23,13.26,97.69
2022,JUL,19,5,21.00,0.97,132.47,13.22,98.13
2022,JUL,19,6,31.00,1.22,103.81,13.23,98.72
2022,JUL,19,7,40.00,1.15,150.38,13.02,98.91
2022,JUL,19,8,27.00,1.68,125.33,17.05,94.20
2022,JUL,19,9,37.00,1.53,149.56,21.29,80.64
2022,JUL,19,10,51.00,1.42,163.83,22.68,68.63
2022,JUL,19,11,29.00,1.54,202.79,23.10,59.66
2022,JUL,19,12,24.00,2.08,259.06,23.88,55.31
2022,JUL,19,13,43.00,1.96,237.01,24.81,51.60
2022,JUL,19,14,43.00,2.06,228.73,27.08,43.01
2022,JUL,19,15,39.00,2.17,230.04,28.12,37.97
2022,JUL,19,16,16.00,2.25,268.32,28.27,32.45
2022,JUL,19,17,52.00,2.22,266.14,27.94,30.40
2022,JUL,19,18,37.00,2.37,261.92,28.08,28.09
2022,JUL,19,19,36.00,2.70,252.27,27.48,29.31
2022,JUL,19,20,41.00,2.27,262.13,25.09,34.78
2022,JUL,19,21,43.00,2.14,268.96,23.17,43.08
2022,JUL,19,22,43.00,1.48,269.91,22.21,49.55
2022,JUL,19,23,40.00,1.92,187.30,21.68,54.86
2022,JUL,20,0,25.00,1.58,189.48,21.38,58.56
2022,JUL,20,1,29.00,1.60,191.00,20.76,61.93
2022,JUL,20,2,35.00,2.71,165.96,20.16,64.59
2022,JUL,20,3,22.00,1.67,175.96,18.86,67.51
2022,JUL,20,4,13.00,2.23,265.01,18.33,71.67
2022,JUL,20,5,18.00,1.74,226.98,17.84,75.42
2022,JUL,20,6,21.00,2.02,264.86,16.49,76.19
2022,JUL,20,7,27.00,1.14,267.52,16.56,78.58
2022,JUL,20,8,35.00,1.80,250.04,17.84,77.22
2022,JUL,20,9,27.00,2.24,254.96,21.82,65.97
2022,JUL,20,10,22.00,1.99,249.15,24.82,52.65
2022,JUL,20,11,20.00,2.11,221.98,26.44,47.88
2022,JUL,20,12,21.00,2.00,203.26,27.18,44.82
2022,JUL,20,13,24.00,2.30,230.32,28.21,40.79
2022,JUL,20,14,25.00,2.44,245.83,29.29,37.75
2022,JUL,20,15,35.00,2.57,103.50,29.63,34.13
2022,JUL,20,16,40.00,2.97,145.57,30.60,30.18
2022,JUL,20,17,25.00,3.54,160.24,30.26,31.02
2022,JUL,20,18,29.00,3.39,178.28,28.83,32.91
2022,JUL,20,19,46.00,5.17,144.46,26.74,36.70
2022,JUL,20,20,89.00,2.94,167.72,15.61,87.02
2022,JUL,20,21,20.00,2.52,227.02,17.20,90.69
2022,JUL,20,22,19.00,2.74,235.58,17.91,88.99
2022,JUL,20,23,17.00,2.09,217.79,17.87,86.37
2022,JUL,21,0,23.00,1.84,133.04,16.83,88.67
2022,JUL,21,1,40.00,1.07,225.04,16.27,90.46
2022,JUL,21,2,24.00,1.12,208.14,16.48,90.11
2022,JUL,21,3,19.00,1.06,229.69,15.92,91.05
2022,JUL,21,4,20.00,1.24,239.04,15.39,90.87
2022,JUL,21,5,23.00,1.19,287.35,15.39,91.19
2022,JUL,21,6,28.00,1.11,209.72,14.78,92.64
2022,JUL,21,7,38.00,1.77,159.79,14.55,92.48
2022,JUL,21,8,41.00,1.00,178.89,20.26,81.44
2022,JUL,21,9,49.00,1.78,119.06,22.07,67.49
2022,JUL,21,10,41.00,2.14,142.24,23.68,62.86
2022,JUL,21,11,38.00,2.52,111.77,24.98,52.86
2022,JUL,21,12,41.00,2.86,100.73,26.21,40.92
2022,JUL,21,13,20.00,2.44,142.33,27.66,31.81
2022,JUL,21,14,19.00,2.62,151.67,28.89,26.40
2022,JUL,21,15,13.00,3.11,150.17,29.64,24.55
2022,JUL,21,16,15.00,2.66,157.18,30.72,23.41
2022,JUL,21,17,15.00,2.40,163.79,31.35,21.89
2022,JUL,21,18,14.00,2.49,221.14,31.04,22.26
2022,JUL,21,19,26.00,3.12,271.49,29.18,25.61
2022,JUL,21,20,27.00,2.92,295.13,26.91,32.29
2022,JUL,21,21,39.00,1.41,211.51,24.83,40.62
2022,JUL,21,22,39.00,3.23,100.27,23.98,41.08
2022,JUL,21,23,27.00,3.73,97.12,22.41,45.27
2022,JUL,22,0,30.00,2.89,122.27,20.67,46.52
2022,JUL,22,1,25.00,3.76,70.85,19.69,55.85
2022,JUL,22,2,31.00,3.70,61.66,18.72,62.25
2022,JUL,22,3,32.00,2.86,108.72,17.03,69.60
2022,JUL,22,4,33.00,2.27,75.65,16.00,75.21
2022,JUL,22,5,35.00,3.40,89.36,16.08,74.43
2022,JUL,22,6,39.00,4.03,100.41,15.56,78.05
2022,JUL,22,7,45.00,3.95,102.79,15.26,82.41
2022,JUL,22,8,43.00,2.91,104.05,18.39,73.38
2022,JUL,22,9,50.00,3.49,109.15,19.77,65.86
2022,JUL,22,10,49.00,3.73,105.48,20.67,59.02
2022,JUL,22,11,38.00,3.93,82.41,23.24,49.19
2022,JUL,22,12,38.00,3.14,103.27,25.57,41.41
2022,JUL,22,13,30.00,3.14,121.96,26.94,37.74
2022,JUL,22,14,23.00,2.83,146.58,28.02,32.90
2022,JUL,22,15,23.00,2.93,168.30,28.84,28.55
2022,JUL,22,16,22.00,2.31,142.82,29.02,25.44
2022,JUL,22,17,20.00,2.15,191.66,30.03,23.64
2022,JUL,22,18,24.00,2.16,177.13,29.60,23.29
2022,JUL,22,19,36.00,1.99,228.80,27.86,25.06
2022,JUL,22,20,35.00,2.47,263.42,25.84,28.88
2022,JUL,22,21,42.00,4.05,65.89,24.86,38.74
2022,JUL,22,22,44.00,4.58,81.22,22.94,50.20
2022,JUL,22,23,41.00,4.69,63.67,21.57,55.61
2022,JUL,23,0,29.00,4.64,70.25,20.41,59.85
2022,JUL,23,1,24.00,3.17,81.50,18.88,67.75
2022,JUL,23,2,30.00,2.48,94.58,17.99,71.47
2022,JUL,23,3,26.00,2.71,88.34,17.31,73.97
2022,JUL,23,4,26.00,2.56,85.43,16.64,77.34
2022,JUL,23,5,30.00,2.52,94.03,16.21,78.74
2022,JUL,23,6,27.00,3.03,96.91,15.74,80.30
2022,JUL,23,7,38.00,2.68,107.91,16.03,79.43
2022,JUL,23,8,44.00,3.16,101.23,17.94,71.54
2022,JUL,23,9,36.00,3.19,110.70,19.09,66.05
2022,JUL,23,10,31.00,3.15,86.84,21.80,57.51
2022,JUL,23,11,29.00,2.12,118.06,24.62,48.56
2022,JUL,23,12,33.00,2.32,146.09,25.86,44.56
2022,JUL,23,13,34.00,2.45,249.69,26.31,41.76
2022,JUL,23,14,35.00,2.61,243.02,27.55,35.72
2022,JUL,23,15,11.00,1.79,154.53,29.01,28.92
2022,JUL,23,16,3.00,2.42,142.33,28.65,26.42
2022,JUL,23,17,1.00,3.54,122.98,28.64,27.75
2022,JUL,23,18,39.00,6.29,150.90,25.23,38.64
2022,JUL,23,19,58.00,3.58,238.98,20.25,50.39
2022,JUL,23,20,30.00,1.97,143.25,19.88,50.07
2022,JUL,23,21,30.00,3.02,112.52,18.82,55.95
2022,JUL,23,22,23.00,3.43,58.91,16.25,77.11
2022,JUL,23,23,14.00,1.89,64.48,16.65,78.48
2022,JUL,24,0,16.00,2.36,139.25,16.36,79.03
2022,JUL,24,1,15.00,2.07,112.64,15.61,83.54
2022,JUL,24,2,23.00,2.97,82.04,15.59,84.31
2022,JUL,24,3,20.00,2.55,89.38,15.43,83.30
2022,JUL,24,4,26.00,2.05,108.12,15.20,83.11
2022,JUL,24,5,20.00,1.35,94.90,14.39,85.44
2022,JUL,24,6,22.00,1.50,108.79,14.11,87.01
2022,JUL,24,7,28.00,1.87,144.17,14.40,86.81
2022,JUL,24,8,36.00,2.81,116.76,17.34,79.91
2022,JUL,24,9,26.00,3.28,90.84,19.87,69.38
2022,JUL,24,10,17.00,3.33,92.26,22.18,58.11
2022,JUL,24,11,22.00,3.69,76.46,22.99,52.08
2022,JUL,24,12,15.00,3.59,85.14,24.68,45.89
2022,JUL,24,13,14.00,3.46,100.49,25.69,41.86
2022,JUL,24,14,7.00,3.45,103.93,26.82,37.99
2022,JUL,24,15,17.00,4.47,97.56,26.90,35.74
2022,JUL,24,16,40.00,4.62,242.63,24.78,41.72
2022,JUL,24,17,9.00,4.29,270.13,26.31,38.32
2022,JUL,24,18,17.00,3.56,153.72,23.23,46.70
2022,JUL,24,19,21.00,2.93,192.29,19.94,62.02
2022,JUL,24,20,20.00,1.81,105.71,19.94,64.60
2022,JUL,24,21,30.00,1.41,112.23,19.60,65.20
2022,JUL,24,22,31.00,1.79,121.57,18.08,73.99
2022,JUL,24,23,21.00,2.13,118.85,17.95,74.33
2022,JUL,25,0,28.00,2.30,104.19,18.13,70.17
2022,JUL,25,1,9.00,3.16,90.88,17.55,71.22
2022,JUL,25,2,15.00,3.05,95.36,16.91,74.32
2022,JUL,25,3,23.00,3.41,61.58,16.80,74.19
2022,JUL,25,4,11.00,2.20,91.57,16.22,74.52
2022,JUL,25,5,NA,2.59,85.30,15.17,81.52
2022,JUL,25,6,12.00,2.40,94.81,14.90,81.17
2022,JUL,25,7,25.00,2.50,92.70,15.12,78.85
2022,JUL,25,8,27.00,2.88,85.72,16.37,74.77
2022,JUL,25,9,32.00,3.27,84.77,18.49,67.75
2022,JUL,25,10,19.00,4.54,81.64,21.33,55.68
2022,JUL,25,11,18.00,3.10,96.71,22.81,50.78
2022,JUL,25,12,17.00,2.55,105.49,23.92,47.99
2022,JUL,25,13,15.00,2.49,178.06,26.29,42.28
2022,JUL,25,14,7.00,2.58,144.58,27.34,36.84
2022,JUL,25,15,9.00,2.85,157.54,27.75,35.61
2022,JUL,25,16,11.00,2.92,155.96,26.93,36.87
2022,JUL,25,17,32.00,2.44,159.69,27.53,32.36
2022,JUL,25,18,25.00,5.21,90.34,24.10,43.28
2022,JUL,25,19,25.00,4.07,57.10,19.90,67.54
2022,JUL,25,20,25.00,3.21,107.45,19.57,71.35
2022,JUL,25,21,25.00,3.14,155.46,17.53,82.67
2022,JUL,25,22,24.00,2.97,154.68,16.33,90.50
2022,JUL,25,23,18.00,2.10,91.98,16.24,91.03
2022,JUL,26,0,18.00,1.74,100.20,16.41,92.27
2022,JUL,26,1,8.00,1.56,124.29,16.29,93.25
2022,JUL,26,2,21.00,2.09,129.65,16.07,93.00
2022,JUL,26,3,17.00,2.01,98.45,16.21,91.20
2022,JUL,26,4,14.00,2.45,97.29,15.88,90.96
2022,JUL,26,5,20.00,2.98,98.32,15.58,90.40
2022,JUL,26,6,17.00,2.47,109.20,15.15,89.95
2022,JUL,26,7,20.00,2.21,94.40,15.21,89.57
2022,JUL,26,8,19.00,2.57,100.89,16.26,86.36
2022,JUL,26,9,19.00,3.41,88.40,20.03,70.62
2022,JUL,26,10,17.00,3.78,96.72,21.87,58.01
2022,JUL,26,11,14.00,2.87,96.30,23.44,53.45
2022,JUL,26,12,51.00,2.57,153.20,25.50,47.27
2022,JUL,26,13,28.00,2.50,132.27,26.50,39.63
2022,JUL,26,14,16.00,2.53,173.56,27.36,36.19
2022,JUL,26,15,15.00,2.45,120.87,27.95,32.32
2022,JUL,26,16,14.00,2.56,150.49,28.78,30.65
2022,JUL,26,17,15.00,2.17,151.61,28.26,31.16
2022,JUL,26,18,24.00,2.54,146.35,26.78,33.68
2022,JUL,26,19,17.00,2.16,228.20,27.17,32.68
2022,JUL,26,20,38.00,2.66,268.92,24.72,43.87
2022,JUL,26,21,34.00,3.68,246.39,21.66,59.82
2022,JUL,26,22,31.00,3.31,213.30,17.04,88.04
2022,JUL,26,23,21.00,5.18,155.29,15.97,91.07
2022,JUL,27,0,9.00,2.47,122.61,15.01,95.96
2022,JUL,27,1,9.00,1.96,202.92,14.98,96.50
2022,JUL,27,2,10.00,2.78,297.24,15.06,97.02
2022,JUL,27,3,15.00,2.74,303.48,15.15,97.36
2022,JUL,27,4,8.00,2.01,256.52,14.99,97.65
2022,JUL,27,5,13.00,2.04,258.78,14.66,97.70
2022,JUL,27,6,17.00,1.27,239.91,14.56,97.93
2022,JUL,27,7,15.00,1.47,248.21,14.82,98.31
2022,JUL,27,8,13.00,1.85,276.99,16.02,98.74
2022,JUL,27,9,25.00,2.08,295.16,17.46,99.04
2022,JUL,27,10,30.00,1.96,265.95,20.08,96.13
2022,JUL,27,11,42.00,1.57,236.74,20.76,91.69
2022,JUL,27,12,60.00,1.68,196.28,24.24,72.59
2022,JUL,27,13,51.00,1.66,172.23,24.15,61.10
2022,JUL,27,14,25.00,2.40,199.86,25.50,50.91
2022,JUL,27,15,13.00,2.37,235.20,26.54,43.60
2022,JUL,27,16,13.00,2.87,258.58,27.33,39.78
2022,JUL,27,17,24.00,2.36,195.17,28.00,38.13
2022,JUL,27,18,40.00,4.13,131.01,20.94,60.55
2022,JUL,27,19,28.00,3.34,145.95,17.86,77.01
2022,JUL,27,20,14.00,4.25,105.77,15.51,87.07
2022,JUL,27,21,16.00,2.73,116.16,15.14,93.62
2022,JUL,27,22,68.00,1.71,90.18,15.23,95.13
2022,JUL,27,23,22.00,1.43,102.18,15.33,94.88
2022,JUL,28,0,17.00,1.22,132.45,14.99,94.72
2022,JUL,28,1,10.00,1.21,178.98,14.59,95.62
2022,JUL,28,2,15.00,2.03,119.68,14.22,96.46
2022,JUL,28,3,25.00,2.07,74.64,14.14,95.93
2022,JUL,28,4,23.00,1.38,176.93,14.34,95.56
2022,JUL,28,5,17.00,1.20,228.93,14.10,96.19
2022,JUL,28,6,27.00,1.06,174.20,14.27,96.67
2022,JUL,28,7,23.00,0.97,181.38,14.28,95.37
2022,JUL,28,8,28.00,1.31,143.14,16.07,91.74
2022,JUL,28,9,34.00,2.82,109.31,19.10,80.87
2022,JUL,28,10,24.00,2.79,96.60,20.59,69.22
2022,JUL,28,11,21.00,3.43,96.59,21.59,61.47
2022,JUL,28,12,23.00,2.84,111.45,23.03,53.09
2022,JUL,28,13,3.00,2.32,153.48,24.98,45.38
2022,JUL,28,14,NA,2.76,137.28,25.26,43.59
2022,JUL,28,15,NA,2.62,161.40,26.21,37.99
2022,JUL,28,16,3.00,2.51,120.14,26.97,35.32
2022,JUL,28,17,8.00,2.17,127.47,27.43,34.30
2022,JUL,28,18,12.00,3.00,174.39,26.08,39.98
2022,JUL,28,19,30.00,2.80,215.75,21.56,56.08
2022,JUL,28,20,21.00,1.98,230.85,20.27,59.20
2022,JUL,28,21,44.00,2.23,274.59,19.41,66.03
2022,JUL,28,22,27.00,1.97,239.72,18.45,71.36
2022,JUL,28,23,24.00,1.44,273.27,18.01,76.33
2022,JUL,29,0,21.00,1.15,247.90,17.74,76.92
2022,JUL,29,1,26.00,1.07,201.12,17.42,81.15
2022,JUL,29,2,23.00,1.09,168.14,18.19,78.81
2022,JUL,29,3,21.00,1.60,156.81,18.00,79.35
2022,JUL,29,4,22.00,2.09,112.95,17.47,80.33
2022,JUL,29,5,18.00,1.73,97.27,17.22,81.52
2022,JUL,29,6,18.00,1.40,163.28,16.87,82.22
2022,JUL,29,7,31.00,1.49,128.75,16.81,83.80
2022,JUL,29,8,37.00,2.43,104.75,17.29,83.19
2022,JUL,29,9,32.00,3.39,104.00,18.54,76.62
2022,JUL,29,10,21.00,3.33,81.52,20.47,66.22
2022,JUL,29,11,15.00,3.74,97.70,22.93,55.58
2022,JUL,29,12,15.00,3.92,101.75,24.13,49.90
2022,JUL,29,13,13.00,3.19,112.37,25.79,45.28
2022,JUL,29,14,7.00,3.36,103.73,26.73,41.43
2022,JUL,29,15,21.00,5.26,86.54,25.85,43.01
2022,JUL,29,16,40.00,5.10,69.10,21.70,51.73
2022,JUL,29,17,13.00,4.39,81.98,21.65,52.66
2022,JUL,29,18,6.00,3.52,150.88,19.62,63.23
2022,JUL,29,19,15.00,2.94,154.52,17.98,68.42
2022,JUL,29,20,17.00,2.56,163.75,17.49,73.81
2022,JUL,29,21,18.00,3.32,125.72,15.90,84.63
2022,JUL,29,22,15.00,2.30,91.07,15.15,91.97
2022,JUL,29,23,11.00,2.21,136.03,15.67,92.56
2022,JUL,30,0,13.00,1.65,296.70,15.42,91.91
2022,JUL,30,1,10.00,1.85,284.47,15.47,92.52
2022,JUL,30,2,14.00,1.85,257.53,15.61,93.47
2022,JUL,30,3,10.00,2.30,292.64,15.63,93.94
2022,JUL,30,4,17.00,1.80,278.85,15.73,94.27
2022,JUL,30,5,20.00,1.68,247.56,15.64,94.38
2022,JUL,30,6,21.00,1.08,216.83,15.73,94.71
2022,JUL,30,7,22.00,1.80,120.90,16.13,91.21
2022,JUL,30,8,26.00,1.82,186.02,16.56,91.58
2022,JUL,30,9,16.00,2.49,125.71,19.77,78.16
2022,JUL,30,10,20.00,2.43,94.84,18.44,70.55
2022,JUL,30,11,24.00,2.72,89.63,20.55,60.71
2022,JUL,30,12,17.00,3.04,98.44,23.17,49.86
2022,JUL,30,13,17.00,2.96,113.80,24.83,44.26
2022,JUL,30,14,18.00,3.06,122.68,25.83,40.02
2022,JUL,30,15,20.00,3.07,118.72,26.51,36.49
2022,JUL,30,16,28.00,3.38,93.30,26.00,33.86
2022,JUL,30,17,24.00,2.53,216.03,27.15,35.66
2022,JUL,30,18,32.00,3.03,277.53,25.43,43.27
2022,JUL,30,19,42.00,3.04,304.62,23.63,51.74
2022,JUL,30,20,41.00,2.50,190.41,22.54,52.08
2022,JUL,30,21,34.00,3.24,88.30,21.39,48.00
2022,JUL,30,22,29.00,2.77,110.51,19.78,55.79
2022,JUL,30,23,36.00,2.02,133.98,18.33,63.14
2022,JUL,31,0,36.00,3.41,90.18,17.49,68.41
2022,JUL,31,1,24.00,3.01,91.80,16.76,71.69
2022,JUL,31,2,29.00,2.96,97.19,15.87,76.68
2022,JUL,31,3,29.00,3.03,96.42,15.19,82.42
2022,JUL,31,4,28.00,2.44,109.67,14.96,83.01
2022,JUL,31,5,22.00,2.83,96.88,14.34,84.52
2022,JUL,31,6,23.00,2.38,114.01,13.74,86.90
2022,JUL,31,7,26.00,2.55,109.26,14.06,87.22
2022,JUL,31,8,23.00,3.71,70.47,16.77,77.13
2022,JUL,31,9,17.00,4.28,69.08,19.09,63.82
2022,JUL,31,10,19.00,4.34,74.96,20.63,54.26
2022,JUL,31,11,8.00,3.71,78.19,22.25,48.15
2022,JUL,31,12,12.00,3.49,86.21,23.43,44.50
2022,JUL,31,13,15.00,2.60,138.79,24.97,40.40
2022,JUL,31,14,12.00,2.78,124.51,25.89,37.48
2022,JUL,31,15,13.00,2.99,112.47,27.20,32.37
2022,JUL,31,16,NA,3.19,103.33,27.89,30.33
2022,JUL,31,17,6.00,3.17,112.48,28.18,28.93
2022,JUL,31,18,18.00,3.81,90.02,27.44,31.34
2022,JUL,31,19,80.00,4.21,58.77,24.92,37.49
2022,JUL,31,20,64.00,1.96,187.23,23.72,42.48
2022,JUL,31,21,25.00,2.51,210.45,22.43,47.96
2022,JUL,31,22,26.00,2.05,208.36,21.75,50.61
2022,JUL,31,23,18.00,3.41,90.33,20.66,55.55
